{"Modules":[{"Key":"","Source":"","Dir":"."},{"Key":"alb_module","Source":"./modules/load-balancer","Dir":"modules/load-balancer"},{"Key":"cloud_watch_module","Source":"./modules/cloud-watch","Dir":"modules/cloud-watch"},{"Key":"database_module","Source":"./modules/database","Dir":"modules/database"},{"Key":"ec2_module","Source":"./modules/ec2","Dir":"modules/ec2"},{"Key":"efs_module","Source":"./modules/efs","Dir":"modules/efs"},{"Key":"internet_gateway_module","Source":"./modules/internet-gateway","Dir":"modules/internet-gateway"},{"Key":"nat_gateway_module","Source":"./modules/nat-gateway","Dir":"modules/nat-gateway"},{"Key":"route_module","Source":"./modules/route-table","Dir":"modules/route-table"},{"Key":"security_group_module","Source":"./modules/security-groups","Dir":"modules/security-groups"},{"Key":"subnet_module","Source":"./modules/subnets","Dir":"modules/subnets"},{"Key":"vpc_module","Source":"./modules/vpc","Dir":"modules/vpc"}]}